PVsyst simulations Batch mode,,,,,
Simulation parameters definition,,,,,
File created on 09/09/25 14:35,,,,,
,,,,,
Project,,,25_08_25_Bowen Solar Farm 2021.PRJ,,
Variants based on,,VC3,24_10_08_Match_measured inv 1-1,,
,,,,,
Please define the parameters to be varied for each run,,,,,
Do not modify the column titles!,,,,,
"Only the lines beginning by ""SIM_"" will be executed",,,,,
,,,,,
Ident,Save VCi,Create hourly,Thermal,Thermal,Simul
,,file,Uc fact,Uw fact,Comment
,Y/N,File name,[W/m2K],[W/m2K],
,,,,,
SIM_1,Y,Bomen solar farm 2021 10 0.0 Perez model.csv,10,0,24_10_08_Match_measured_inv_2_1Uc10Uv0
SIM_2,Y,Bomen solar farm 2021 10 0.1 Perez model.csv,10,0.1,24_10_08_Match_measured_inv_2_1Uc10Uv0.1
SIM_3,Y,Bomen solar farm 2021 10 0.2 Perez model.csv,10,0.2,24_10_08_Match_measured_inv_2_1Uc10Uv0.2
SIM_4,Y,Bomen solar farm 2021 10 0.3 Perez model.csv,10,0.3,24_10_08_Match_measured_inv_2_1Uc10Uv0.3
SIM_5,Y,Bomen solar farm 2021 10 0.4 Perez model.csv,10,0.4,24_10_08_Match_measured_inv_2_1Uc10Uv0.4
SIM_6,Y,Bomen solar farm 2021 10 0.5 Perez model.csv,10,0.5,24_10_08_Match_measured_inv_2_1Uc10Uv0.5
SIM_7,Y,Bomen solar farm 2021 10 0.6 Perez model.csv,10,0.6,24_10_08_Match_measured_inv_2_1Uc10Uv0.6
SIM_8,Y,Bomen solar farm 2021 10 0.7 Perez model.csv,10,0.7,24_10_08_Match_measured_inv_2_1Uc10Uv0.7
SIM_9,Y,Bomen solar farm 2021 10 0.8 Perez model.csv,10,0.8,24_10_08_Match_measured_inv_2_1Uc10Uv0.8
SIM_10,Y,Bomen solar farm 2021 10 0.9 Perez model.csv,10,0.9,24_10_08_Match_measured_inv_2_1Uc10Uv0.9
SIM_11,Y,Bomen solar farm 2021 10 1.0 Perez model.csv,10,1,24_10_08_Match_measured_inv_2_1Uc10Uv1
SIM_12,Y,Bomen solar farm 2021 10 1.1 Perez model.csv,10,1.1,24_10_08_Match_measured_inv_2_1Uc10Uv1.1
SIM_13,Y,Bomen solar farm 2021 10 1.2 Perez model.csv,10,1.2,24_10_08_Match_measured_inv_2_1Uc10Uv1.2
SIM_14,Y,Bomen solar farm 2021 10 1.3 Perez model.csv,10,1.3,24_10_08_Match_measured_inv_2_1Uc10Uv1.3
SIM_15,Y,Bomen solar farm 2021 10 1.4 Perez model.csv,10,1.4,24_10_08_Match_measured_inv_2_1Uc10Uv1.4
SIM_16,Y,Bomen solar farm 2021 10 1.5 Perez model.csv,10,1.5,24_10_08_Match_measured_inv_2_1Uc10Uv1.5
SIM_17,Y,Bomen solar farm 2021 10 1.6 Perez model.csv,10,1.6,24_10_08_Match_measured_inv_2_1Uc10Uv1.6
SIM_18,Y,Bomen solar farm 2021 10 1.7 Perez model.csv,10,1.7,24_10_08_Match_measured_inv_2_1Uc10Uv1.7
SIM_19,Y,Bomen solar farm 2021 10 1.8 Perez model.csv,10,1.8,24_10_08_Match_measured_inv_2_1Uc10Uv1.8
SIM_20,Y,Bomen solar farm 2021 10 1.9 Perez model.csv,10,1.9,24_10_08_Match_measured_inv_2_1Uc10Uv1.9
SIM_21,Y,Bomen solar farm 2021 10 2.0 Perez model.csv,10,2,24_10_08_Match_measured_inv_2_1Uc10Uv2
SIM_22,Y,Bomen solar farm 2021 11 0.0 Perez model.csv,11,0,24_10_08_Match_measured_inv_2_1Uc11Uv0
SIM_23,Y,Bomen solar farm 2021 11 0.1 Perez model.csv,11,0.1,24_10_08_Match_measured_inv_2_1Uc11Uv0.1
SIM_24,Y,Bomen solar farm 2021 11 0.2 Perez model.csv,11,0.2,24_10_08_Match_measured_inv_2_1Uc11Uv0.2
SIM_25,Y,Bomen solar farm 2021 11 0.3 Perez model.csv,11,0.3,24_10_08_Match_measured_inv_2_1Uc11Uv0.3
SIM_26,Y,Bomen solar farm 2021 11 0.4 Perez model.csv,11,0.4,24_10_08_Match_measured_inv_2_1Uc11Uv0.4
SIM_27,Y,Bomen solar farm 2021 11 0.5 Perez model.csv,11,0.5,24_10_08_Match_measured_inv_2_1Uc11Uv0.5
SIM_28,Y,Bomen solar farm 2021 11 0.6 Perez model.csv,11,0.6,24_10_08_Match_measured_inv_2_1Uc11Uv0.6
SIM_29,Y,Bomen solar farm 2021 11 0.7 Perez model.csv,11,0.7,24_10_08_Match_measured_inv_2_1Uc11Uv0.7
SIM_30,Y,Bomen solar farm 2021 11 0.8 Perez model.csv,11,0.8,24_10_08_Match_measured_inv_2_1Uc11Uv0.8
SIM_31,Y,Bomen solar farm 2021 11 0.9 Perez model.csv,11,0.9,24_10_08_Match_measured_inv_2_1Uc11Uv0.9
SIM_32,Y,Bomen solar farm 2021 11 1.0 Perez model.csv,11,1,24_10_08_Match_measured_inv_2_1Uc11Uv1
SIM_33,Y,Bomen solar farm 2021 11 1.1 Perez model.csv,11,1.1,24_10_08_Match_measured_inv_2_1Uc11Uv1.1
SIM_34,Y,Bomen solar farm 2021 11 1.2 Perez model.csv,11,1.2,24_10_08_Match_measured_inv_2_1Uc11Uv1.2
SIM_35,Y,Bomen solar farm 2021 11 1.3 Perez model.csv,11,1.3,24_10_08_Match_measured_inv_2_1Uc11Uv1.3
SIM_36,Y,Bomen solar farm 2021 11 1.4 Perez model.csv,11,1.4,24_10_08_Match_measured_inv_2_1Uc11Uv1.4
SIM_37,Y,Bomen solar farm 2021 11 1.5 Perez model.csv,11,1.5,24_10_08_Match_measured_inv_2_1Uc11Uv1.5
SIM_38,Y,Bomen solar farm 2021 11 1.6 Perez model.csv,11,1.6,24_10_08_Match_measured_inv_2_1Uc11Uv1.6
SIM_39,Y,Bomen solar farm 2021 11 1.7 Perez model.csv,11,1.7,24_10_08_Match_measured_inv_2_1Uc11Uv1.7
SIM_40,Y,Bomen solar farm 2021 11 1.8 Perez model.csv,11,1.8,24_10_08_Match_measured_inv_2_1Uc11Uv1.8
SIM_41,Y,Bomen solar farm 2021 11 1.9 Perez model.csv,11,1.9,24_10_08_Match_measured_inv_2_1Uc11Uv1.9
SIM_42,Y,Bomen solar farm 2021 11 2.0 Perez model.csv,11,2,24_10_08_Match_measured_inv_2_1Uc11Uv2
SIM_43,Y,Bomen solar farm 2021 12 0.0 Perez model.csv,12,0,24_10_08_Match_measured_inv_2_1Uc12Uv0
SIM_44,Y,Bomen solar farm 2021 12 0.1 Perez model.csv,12,0.1,24_10_08_Match_measured_inv_2_1Uc12Uv0.1
SIM_45,Y,Bomen solar farm 2021 12 0.2 Perez model.csv,12,0.2,24_10_08_Match_measured_inv_2_1Uc12Uv0.2
SIM_46,Y,Bomen solar farm 2021 12 0.3 Perez model.csv,12,0.3,24_10_08_Match_measured_inv_2_1Uc12Uv0.3
SIM_47,Y,Bomen solar farm 2021 12 0.4 Perez model.csv,12,0.4,24_10_08_Match_measured_inv_2_1Uc12Uv0.4
SIM_48,Y,Bomen solar farm 2021 12 0.5 Perez model.csv,12,0.5,24_10_08_Match_measured_inv_2_1Uc12Uv0.5
SIM_49,Y,Bomen solar farm 2021 12 0.6 Perez model.csv,12,0.6,24_10_08_Match_measured_inv_2_1Uc12Uv0.6
SIM_50,Y,Bomen solar farm 2021 12 0.7 Perez model.csv,12,0.7,24_10_08_Match_measured_inv_2_1Uc12Uv0.7
SIM_51,Y,Bomen solar farm 2021 12 0.8 Perez model.csv,12,0.8,24_10_08_Match_measured_inv_2_1Uc12Uv0.8
SIM_52,Y,Bomen solar farm 2021 12 0.9 Perez model.csv,12,0.9,24_10_08_Match_measured_inv_2_1Uc12Uv0.9
SIM_53,Y,Bomen solar farm 2021 12 1.0 Perez model.csv,12,1,24_10_08_Match_measured_inv_2_1Uc12Uv1
SIM_54,Y,Bomen solar farm 2021 12 1.1 Perez model.csv,12,1.1,24_10_08_Match_measured_inv_2_1Uc12Uv1.1
SIM_55,Y,Bomen solar farm 2021 12 1.2 Perez model.csv,12,1.2,24_10_08_Match_measured_inv_2_1Uc12Uv1.2
SIM_56,Y,Bomen solar farm 2021 12 1.3 Perez model.csv,12,1.3,24_10_08_Match_measured_inv_2_1Uc12Uv1.3
SIM_57,Y,Bomen solar farm 2021 12 1.4 Perez model.csv,12,1.4,24_10_08_Match_measured_inv_2_1Uc12Uv1.4
SIM_58,Y,Bomen solar farm 2021 12 1.5 Perez model.csv,12,1.5,24_10_08_Match_measured_inv_2_1Uc12Uv1.5
SIM_59,Y,Bomen solar farm 2021 12 1.6 Perez model.csv,12,1.6,24_10_08_Match_measured_inv_2_1Uc12Uv1.6
SIM_60,Y,Bomen solar farm 2021 12 1.7 Perez model.csv,12,1.7,24_10_08_Match_measured_inv_2_1Uc12Uv1.7
SIM_61,Y,Bomen solar farm 2021 12 1.8 Perez model.csv,12,1.8,24_10_08_Match_measured_inv_2_1Uc12Uv1.8
SIM_62,Y,Bomen solar farm 2021 12 1.9 Perez model.csv,12,1.9,24_10_08_Match_measured_inv_2_1Uc12Uv1.9
SIM_63,Y,Bomen solar farm 2021 12 2.0 Perez model.csv,12,2,24_10_08_Match_measured_inv_2_1Uc12Uv2
SIM_64,Y,Bomen solar farm 2021 13 0.0 Perez model.csv,13,0,24_10_08_Match_measured_inv_2_1Uc13Uv0
SIM_65,Y,Bomen solar farm 2021 13 0.1 Perez model.csv,13,0.1,24_10_08_Match_measured_inv_2_1Uc13Uv0.1
SIM_66,Y,Bomen solar farm 2021 13 0.2 Perez model.csv,13,0.2,24_10_08_Match_measured_inv_2_1Uc13Uv0.2
SIM_67,Y,Bomen solar farm 2021 13 0.3 Perez model.csv,13,0.3,24_10_08_Match_measured_inv_2_1Uc13Uv0.3
SIM_68,Y,Bomen solar farm 2021 13 0.4 Perez model.csv,13,0.4,24_10_08_Match_measured_inv_2_1Uc13Uv0.4
SIM_69,Y,Bomen solar farm 2021 13 0.5 Perez model.csv,13,0.5,24_10_08_Match_measured_inv_2_1Uc13Uv0.5
SIM_70,Y,Bomen solar farm 2021 13 0.6 Perez model.csv,13,0.6,24_10_08_Match_measured_inv_2_1Uc13Uv0.6
SIM_71,Y,Bomen solar farm 2021 13 0.7 Perez model.csv,13,0.7,24_10_08_Match_measured_inv_2_1Uc13Uv0.7
SIM_72,Y,Bomen solar farm 2021 13 0.8 Perez model.csv,13,0.8,24_10_08_Match_measured_inv_2_1Uc13Uv0.8
SIM_73,Y,Bomen solar farm 2021 13 0.9 Perez model.csv,13,0.9,24_10_08_Match_measured_inv_2_1Uc13Uv0.9
SIM_74,Y,Bomen solar farm 2021 13 1.0 Perez model.csv,13,1,24_10_08_Match_measured_inv_2_1Uc13Uv1
SIM_75,Y,Bomen solar farm 2021 13 1.1 Perez model.csv,13,1.1,24_10_08_Match_measured_inv_2_1Uc13Uv1.1
SIM_76,Y,Bomen solar farm 2021 13 1.2 Perez model.csv,13,1.2,24_10_08_Match_measured_inv_2_1Uc13Uv1.2
SIM_77,Y,Bomen solar farm 2021 13 1.3 Perez model.csv,13,1.3,24_10_08_Match_measured_inv_2_1Uc13Uv1.3
SIM_78,Y,Bomen solar farm 2021 13 1.4 Perez model.csv,13,1.4,24_10_08_Match_measured_inv_2_1Uc13Uv1.4
SIM_79,Y,Bomen solar farm 2021 13 1.5 Perez model.csv,13,1.5,24_10_08_Match_measured_inv_2_1Uc13Uv1.5
SIM_80,Y,Bomen solar farm 2021 13 1.6 Perez model.csv,13,1.6,24_10_08_Match_measured_inv_2_1Uc13Uv1.6
SIM_81,Y,Bomen solar farm 2021 13 1.7 Perez model.csv,13,1.7,24_10_08_Match_measured_inv_2_1Uc13Uv1.7
SIM_82,Y,Bomen solar farm 2021 13 1.8 Perez model.csv,13,1.8,24_10_08_Match_measured_inv_2_1Uc13Uv1.8
SIM_83,Y,Bomen solar farm 2021 13 1.9 Perez model.csv,13,1.9,24_10_08_Match_measured_inv_2_1Uc13Uv1.9
SIM_84,Y,Bomen solar farm 2021 13 2.0 Perez model.csv,13,2,24_10_08_Match_measured_inv_2_1Uc13Uv2
SIM_85,Y,Bomen solar farm 2021 14 0.0 Perez model.csv,14,0,24_10_08_Match_measured_inv_2_1Uc14Uv0
SIM_86,Y,Bomen solar farm 2021 14 0.1 Perez model.csv,14,0.1,24_10_08_Match_measured_inv_2_1Uc14Uv0.1
SIM_87,Y,Bomen solar farm 2021 14 0.2 Perez model.csv,14,0.2,24_10_08_Match_measured_inv_2_1Uc14Uv0.2
SIM_88,Y,Bomen solar farm 2021 14 0.3 Perez model.csv,14,0.3,24_10_08_Match_measured_inv_2_1Uc14Uv0.3
SIM_89,Y,Bomen solar farm 2021 14 0.4 Perez model.csv,14,0.4,24_10_08_Match_measured_inv_2_1Uc14Uv0.4
SIM_90,Y,Bomen solar farm 2021 14 0.5 Perez model.csv,14,0.5,24_10_08_Match_measured_inv_2_1Uc14Uv0.5
SIM_91,Y,Bomen solar farm 2021 14 0.6 Perez model.csv,14,0.6,24_10_08_Match_measured_inv_2_1Uc14Uv0.6
SIM_92,Y,Bomen solar farm 2021 14 0.7 Perez model.csv,14,0.7,24_10_08_Match_measured_inv_2_1Uc14Uv0.7
SIM_93,Y,Bomen solar farm 2021 14 0.8 Perez model.csv,14,0.8,24_10_08_Match_measured_inv_2_1Uc14Uv0.8
SIM_94,Y,Bomen solar farm 2021 14 0.9 Perez model.csv,14,0.9,24_10_08_Match_measured_inv_2_1Uc14Uv0.9
SIM_95,Y,Bomen solar farm 2021 14 1.0 Perez model.csv,14,1,24_10_08_Match_measured_inv_2_1Uc14Uv1
SIM_96,Y,Bomen solar farm 2021 14 1.1 Perez model.csv,14,1.1,24_10_08_Match_measured_inv_2_1Uc14Uv1.1
SIM_97,Y,Bomen solar farm 2021 14 1.2 Perez model.csv,14,1.2,24_10_08_Match_measured_inv_2_1Uc14Uv1.2
SIM_98,Y,Bomen solar farm 2021 14 1.3 Perez model.csv,14,1.3,24_10_08_Match_measured_inv_2_1Uc14Uv1.3
SIM_99,Y,Bomen solar farm 2021 14 1.4 Perez model.csv,14,1.4,24_10_08_Match_measured_inv_2_1Uc14Uv1.4
SIM_100,Y,Bomen solar farm 2021 14 1.5 Perez model.csv,14,1.5,24_10_08_Match_measured_inv_2_1Uc14Uv1.5
SIM_101,Y,Bomen solar farm 2021 14 1.6 Perez model.csv,14,1.6,24_10_08_Match_measured_inv_2_1Uc14Uv1.6
SIM_102,Y,Bomen solar farm 2021 14 1.7 Perez model.csv,14,1.7,24_10_08_Match_measured_inv_2_1Uc14Uv1.7
SIM_103,Y,Bomen solar farm 2021 14 1.8 Perez model.csv,14,1.8,24_10_08_Match_measured_inv_2_1Uc14Uv1.8
SIM_104,Y,Bomen solar farm 2021 14 1.9 Perez model.csv,14,1.9,24_10_08_Match_measured_inv_2_1Uc14Uv1.9
SIM_105,Y,Bomen solar farm 2021 14 2.0 Perez model.csv,14,2,24_10_08_Match_measured_inv_2_1Uc14Uv2
SIM_106,Y,Bomen solar farm 2021 15 0.0 Perez model.csv,15,0,24_10_08_Match_measured_inv_2_1Uc15Uv0
SIM_107,Y,Bomen solar farm 2021 15 0.1 Perez model.csv,15,0.1,24_10_08_Match_measured_inv_2_1Uc15Uv0.1
SIM_108,Y,Bomen solar farm 2021 15 0.2 Perez model.csv,15,0.2,24_10_08_Match_measured_inv_2_1Uc15Uv0.2
SIM_109,Y,Bomen solar farm 2021 15 0.3 Perez model.csv,15,0.3,24_10_08_Match_measured_inv_2_1Uc15Uv0.3
SIM_110,Y,Bomen solar farm 2021 15 0.4 Perez model.csv,15,0.4,24_10_08_Match_measured_inv_2_1Uc15Uv0.4
SIM_111,Y,Bomen solar farm 2021 15 0.5 Perez model.csv,15,0.5,24_10_08_Match_measured_inv_2_1Uc15Uv0.5
SIM_112,Y,Bomen solar farm 2021 15 0.6 Perez model.csv,15,0.6,24_10_08_Match_measured_inv_2_1Uc15Uv0.6
SIM_113,Y,Bomen solar farm 2021 15 0.7 Perez model.csv,15,0.7,24_10_08_Match_measured_inv_2_1Uc15Uv0.7
SIM_114,Y,Bomen solar farm 2021 15 0.8 Perez model.csv,15,0.8,24_10_08_Match_measured_inv_2_1Uc15Uv0.8
SIM_115,Y,Bomen solar farm 2021 15 0.9 Perez model.csv,15,0.9,24_10_08_Match_measured_inv_2_1Uc15Uv0.9
SIM_116,Y,Bomen solar farm 2021 15 1.0 Perez model.csv,15,1,24_10_08_Match_measured_inv_2_1Uc15Uv1
SIM_117,Y,Bomen solar farm 2021 15 1.1 Perez model.csv,15,1.1,24_10_08_Match_measured_inv_2_1Uc15Uv1.1
SIM_118,Y,Bomen solar farm 2021 15 1.2 Perez model.csv,15,1.2,24_10_08_Match_measured_inv_2_1Uc15Uv1.2
SIM_119,Y,Bomen solar farm 2021 15 1.3 Perez model.csv,15,1.3,24_10_08_Match_measured_inv_2_1Uc15Uv1.3
SIM_120,Y,Bomen solar farm 2021 15 1.4 Perez model.csv,15,1.4,24_10_08_Match_measured_inv_2_1Uc15Uv1.4
SIM_121,Y,Bomen solar farm 2021 15 1.5 Perez model.csv,15,1.5,24_10_08_Match_measured_inv_2_1Uc15Uv1.5
SIM_122,Y,Bomen solar farm 2021 15 1.6 Perez model.csv,15,1.6,24_10_08_Match_measured_inv_2_1Uc15Uv1.6
SIM_123,Y,Bomen solar farm 2021 15 1.7 Perez model.csv,15,1.7,24_10_08_Match_measured_inv_2_1Uc15Uv1.7
SIM_124,Y,Bomen solar farm 2021 15 1.8 Perez model.csv,15,1.8,24_10_08_Match_measured_inv_2_1Uc15Uv1.8
SIM_125,Y,Bomen solar farm 2021 15 1.9 Perez model.csv,15,1.9,24_10_08_Match_measured_inv_2_1Uc15Uv1.9
SIM_126,Y,Bomen solar farm 2021 15 2.0 Perez model.csv,15,2,24_10_08_Match_measured_inv_2_1Uc15Uv2
SIM_127,Y,Bomen solar farm 2021 16 0.0 Perez model.csv,16,0,24_10_08_Match_measured_inv_2_1Uc16Uv0
SIM_128,Y,Bomen solar farm 2021 16 0.1 Perez model.csv,16,0.1,24_10_08_Match_measured_inv_2_1Uc16Uv0.1
SIM_129,Y,Bomen solar farm 2021 16 0.2 Perez model.csv,16,0.2,24_10_08_Match_measured_inv_2_1Uc16Uv0.2
SIM_130,Y,Bomen solar farm 2021 16 0.3 Perez model.csv,16,0.3,24_10_08_Match_measured_inv_2_1Uc16Uv0.3
SIM_131,Y,Bomen solar farm 2021 16 0.4 Perez model.csv,16,0.4,24_10_08_Match_measured_inv_2_1Uc16Uv0.4
SIM_132,Y,Bomen solar farm 2021 16 0.5 Perez model.csv,16,0.5,24_10_08_Match_measured_inv_2_1Uc16Uv0.5
SIM_133,Y,Bomen solar farm 2021 16 0.6 Perez model.csv,16,0.6,24_10_08_Match_measured_inv_2_1Uc16Uv0.6
SIM_134,Y,Bomen solar farm 2021 16 0.7 Perez model.csv,16,0.7,24_10_08_Match_measured_inv_2_1Uc16Uv0.7
SIM_135,Y,Bomen solar farm 2021 16 0.8 Perez model.csv,16,0.8,24_10_08_Match_measured_inv_2_1Uc16Uv0.8
SIM_136,Y,Bomen solar farm 2021 16 0.9 Perez model.csv,16,0.9,24_10_08_Match_measured_inv_2_1Uc16Uv0.9
SIM_137,Y,Bomen solar farm 2021 16 1.0 Perez model.csv,16,1,24_10_08_Match_measured_inv_2_1Uc16Uv1
SIM_138,Y,Bomen solar farm 2021 16 1.1 Perez model.csv,16,1.1,24_10_08_Match_measured_inv_2_1Uc16Uv1.1
SIM_139,Y,Bomen solar farm 2021 16 1.2 Perez model.csv,16,1.2,24_10_08_Match_measured_inv_2_1Uc16Uv1.2
SIM_140,Y,Bomen solar farm 2021 16 1.3 Perez model.csv,16,1.3,24_10_08_Match_measured_inv_2_1Uc16Uv1.3
SIM_141,Y,Bomen solar farm 2021 16 1.4 Perez model.csv,16,1.4,24_10_08_Match_measured_inv_2_1Uc16Uv1.4
SIM_142,Y,Bomen solar farm 2021 16 1.5 Perez model.csv,16,1.5,24_10_08_Match_measured_inv_2_1Uc16Uv1.5
SIM_143,Y,Bomen solar farm 2021 16 1.6 Perez model.csv,16,1.6,24_10_08_Match_measured_inv_2_1Uc16Uv1.6
SIM_144,Y,Bomen solar farm 2021 16 1.7 Perez model.csv,16,1.7,24_10_08_Match_measured_inv_2_1Uc16Uv1.7
SIM_145,Y,Bomen solar farm 2021 16 1.8 Perez model.csv,16,1.8,24_10_08_Match_measured_inv_2_1Uc16Uv1.8
SIM_146,Y,Bomen solar farm 2021 16 1.9 Perez model.csv,16,1.9,24_10_08_Match_measured_inv_2_1Uc16Uv1.9
SIM_147,Y,Bomen solar farm 2021 16 2.0 Perez model.csv,16,2,24_10_08_Match_measured_inv_2_1Uc16Uv2
SIM_148,Y,Bomen solar farm 2021 17 0.0 Perez model.csv,17,0,24_10_08_Match_measured_inv_2_1Uc17Uv0
SIM_149,Y,Bomen solar farm 2021 17 0.1 Perez model.csv,17,0.1,24_10_08_Match_measured_inv_2_1Uc17Uv0.1
SIM_150,Y,Bomen solar farm 2021 17 0.2 Perez model.csv,17,0.2,24_10_08_Match_measured_inv_2_1Uc17Uv0.2
SIM_151,Y,Bomen solar farm 2021 17 0.3 Perez model.csv,17,0.3,24_10_08_Match_measured_inv_2_1Uc17Uv0.3
SIM_152,Y,Bomen solar farm 2021 17 0.4 Perez model.csv,17,0.4,24_10_08_Match_measured_inv_2_1Uc17Uv0.4
SIM_153,Y,Bomen solar farm 2021 17 0.5 Perez model.csv,17,0.5,24_10_08_Match_measured_inv_2_1Uc17Uv0.5
SIM_154,Y,Bomen solar farm 2021 17 0.6 Perez model.csv,17,0.6,24_10_08_Match_measured_inv_2_1Uc17Uv0.6
SIM_155,Y,Bomen solar farm 2021 17 0.7 Perez model.csv,17,0.7,24_10_08_Match_measured_inv_2_1Uc17Uv0.7
SIM_156,Y,Bomen solar farm 2021 17 0.8 Perez model.csv,17,0.8,24_10_08_Match_measured_inv_2_1Uc17Uv0.8
SIM_157,Y,Bomen solar farm 2021 17 0.9 Perez model.csv,17,0.9,24_10_08_Match_measured_inv_2_1Uc17Uv0.9
SIM_158,Y,Bomen solar farm 2021 17 1.0 Perez model.csv,17,1,24_10_08_Match_measured_inv_2_1Uc17Uv1
SIM_159,Y,Bomen solar farm 2021 17 1.1 Perez model.csv,17,1.1,24_10_08_Match_measured_inv_2_1Uc17Uv1.1
SIM_160,Y,Bomen solar farm 2021 17 1.2 Perez model.csv,17,1.2,24_10_08_Match_measured_inv_2_1Uc17Uv1.2
SIM_161,Y,Bomen solar farm 2021 17 1.3 Perez model.csv,17,1.3,24_10_08_Match_measured_inv_2_1Uc17Uv1.3
SIM_162,Y,Bomen solar farm 2021 17 1.4 Perez model.csv,17,1.4,24_10_08_Match_measured_inv_2_1Uc17Uv1.4
SIM_163,Y,Bomen solar farm 2021 17 1.5 Perez model.csv,17,1.5,24_10_08_Match_measured_inv_2_1Uc17Uv1.5
SIM_164,Y,Bomen solar farm 2021 17 1.6 Perez model.csv,17,1.6,24_10_08_Match_measured_inv_2_1Uc17Uv1.6
SIM_165,Y,Bomen solar farm 2021 17 1.7 Perez model.csv,17,1.7,24_10_08_Match_measured_inv_2_1Uc17Uv1.7
SIM_166,Y,Bomen solar farm 2021 17 1.8 Perez model.csv,17,1.8,24_10_08_Match_measured_inv_2_1Uc17Uv1.8
SIM_167,Y,Bomen solar farm 2021 17 1.9 Perez model.csv,17,1.9,24_10_08_Match_measured_inv_2_1Uc17Uv1.9
SIM_168,Y,Bomen solar farm 2021 17 2.0 Perez model.csv,17,2,24_10_08_Match_measured_inv_2_1Uc17Uv2
SIM_169,Y,Bomen solar farm 2021 18 0.0 Perez model.csv,18,0,24_10_08_Match_measured_inv_2_1Uc18Uv0
SIM_170,Y,Bomen solar farm 2021 18 0.1 Perez model.csv,18,0.1,24_10_08_Match_measured_inv_2_1Uc18Uv0.1
SIM_171,Y,Bomen solar farm 2021 18 0.2 Perez model.csv,18,0.2,24_10_08_Match_measured_inv_2_1Uc18Uv0.2
SIM_172,Y,Bomen solar farm 2021 18 0.3 Perez model.csv,18,0.3,24_10_08_Match_measured_inv_2_1Uc18Uv0.3
SIM_173,Y,Bomen solar farm 2021 18 0.4 Perez model.csv,18,0.4,24_10_08_Match_measured_inv_2_1Uc18Uv0.4
SIM_174,Y,Bomen solar farm 2021 18 0.5 Perez model.csv,18,0.5,24_10_08_Match_measured_inv_2_1Uc18Uv0.5
SIM_175,Y,Bomen solar farm 2021 18 0.6 Perez model.csv,18,0.6,24_10_08_Match_measured_inv_2_1Uc18Uv0.6
SIM_176,Y,Bomen solar farm 2021 18 0.7 Perez model.csv,18,0.7,24_10_08_Match_measured_inv_2_1Uc18Uv0.7
SIM_177,Y,Bomen solar farm 2021 18 0.8 Perez model.csv,18,0.8,24_10_08_Match_measured_inv_2_1Uc18Uv0.8
SIM_178,Y,Bomen solar farm 2021 18 0.9 Perez model.csv,18,0.9,24_10_08_Match_measured_inv_2_1Uc18Uv0.9
SIM_179,Y,Bomen solar farm 2021 18 1.0 Perez model.csv,18,1,24_10_08_Match_measured_inv_2_1Uc18Uv1
SIM_180,Y,Bomen solar farm 2021 18 1.1 Perez model.csv,18,1.1,24_10_08_Match_measured_inv_2_1Uc18Uv1.1
SIM_181,Y,Bomen solar farm 2021 18 1.2 Perez model.csv,18,1.2,24_10_08_Match_measured_inv_2_1Uc18Uv1.2
SIM_182,Y,Bomen solar farm 2021 18 1.3 Perez model.csv,18,1.3,24_10_08_Match_measured_inv_2_1Uc18Uv1.3
SIM_183,Y,Bomen solar farm 2021 18 1.4 Perez model.csv,18,1.4,24_10_08_Match_measured_inv_2_1Uc18Uv1.4
SIM_184,Y,Bomen solar farm 2021 18 1.5 Perez model.csv,18,1.5,24_10_08_Match_measured_inv_2_1Uc18Uv1.5
SIM_185,Y,Bomen solar farm 2021 18 1.6 Perez model.csv,18,1.6,24_10_08_Match_measured_inv_2_1Uc18Uv1.6
SIM_186,Y,Bomen solar farm 2021 18 1.7 Perez model.csv,18,1.7,24_10_08_Match_measured_inv_2_1Uc18Uv1.7
SIM_187,Y,Bomen solar farm 2021 18 1.8 Perez model.csv,18,1.8,24_10_08_Match_measured_inv_2_1Uc18Uv1.8
SIM_188,Y,Bomen solar farm 2021 18 1.9 Perez model.csv,18,1.9,24_10_08_Match_measured_inv_2_1Uc18Uv1.9
SIM_189,Y,Bomen solar farm 2021 18 2.0 Perez model.csv,18,2,24_10_08_Match_measured_inv_2_1Uc18Uv2
SIM_190,Y,Bomen solar farm 2021 19 0.0 Perez model.csv,19,0,24_10_08_Match_measured_inv_2_1Uc19Uv0
SIM_191,Y,Bomen solar farm 2021 19 0.1 Perez model.csv,19,0.1,24_10_08_Match_measured_inv_2_1Uc19Uv0.1
SIM_192,Y,Bomen solar farm 2021 19 0.2 Perez model.csv,19,0.2,24_10_08_Match_measured_inv_2_1Uc19Uv0.2
SIM_193,Y,Bomen solar farm 2021 19 0.3 Perez model.csv,19,0.3,24_10_08_Match_measured_inv_2_1Uc19Uv0.3
SIM_194,Y,Bomen solar farm 2021 19 0.4 Perez model.csv,19,0.4,24_10_08_Match_measured_inv_2_1Uc19Uv0.4
SIM_195,Y,Bomen solar farm 2021 19 0.5 Perez model.csv,19,0.5,24_10_08_Match_measured_inv_2_1Uc19Uv0.5
SIM_196,Y,Bomen solar farm 2021 19 0.6 Perez model.csv,19,0.6,24_10_08_Match_measured_inv_2_1Uc19Uv0.6
SIM_197,Y,Bomen solar farm 2021 19 0.7 Perez model.csv,19,0.7,24_10_08_Match_measured_inv_2_1Uc19Uv0.7
SIM_198,Y,Bomen solar farm 2021 19 0.8 Perez model.csv,19,0.8,24_10_08_Match_measured_inv_2_1Uc19Uv0.8
SIM_199,Y,Bomen solar farm 2021 19 0.9 Perez model.csv,19,0.9,24_10_08_Match_measured_inv_2_1Uc19Uv0.9
SIM_200,Y,Bomen solar farm 2021 19 1.0 Perez model.csv,19,1,24_10_08_Match_measured_inv_2_1Uc19Uv1
SIM_201,Y,Bomen solar farm 2021 19 1.1 Perez model.csv,19,1.1,24_10_08_Match_measured_inv_2_1Uc19Uv1.1
SIM_202,Y,Bomen solar farm 2021 19 1.2 Perez model.csv,19,1.2,24_10_08_Match_measured_inv_2_1Uc19Uv1.2
SIM_203,Y,Bomen solar farm 2021 19 1.3 Perez model.csv,19,1.3,24_10_08_Match_measured_inv_2_1Uc19Uv1.3
SIM_204,Y,Bomen solar farm 2021 19 1.4 Perez model.csv,19,1.4,24_10_08_Match_measured_inv_2_1Uc19Uv1.4
SIM_205,Y,Bomen solar farm 2021 19 1.5 Perez model.csv,19,1.5,24_10_08_Match_measured_inv_2_1Uc19Uv1.5
SIM_206,Y,Bomen solar farm 2021 19 1.6 Perez model.csv,19,1.6,24_10_08_Match_measured_inv_2_1Uc19Uv1.6
SIM_207,Y,Bomen solar farm 2021 19 1.7 Perez model.csv,19,1.7,24_10_08_Match_measured_inv_2_1Uc19Uv1.7
SIM_208,Y,Bomen solar farm 2021 19 1.8 Perez model.csv,19,1.8,24_10_08_Match_measured_inv_2_1Uc19Uv1.8
SIM_209,Y,Bomen solar farm 2021 19 1.9 Perez model.csv,19,1.9,24_10_08_Match_measured_inv_2_1Uc19Uv1.9
SIM_210,Y,Bomen solar farm 2021 19 2.0 Perez model.csv,19,2,24_10_08_Match_measured_inv_2_1Uc19Uv2
SIM_211,Y,Bomen solar farm 2021 20 0.0 Perez model.csv,20,0,24_10_08_Match_measured_inv_2_1Uc20Uv0
SIM_212,Y,Bomen solar farm 2021 20 0.1 Perez model.csv,20,0.1,24_10_08_Match_measured_inv_2_1Uc20Uv0.1
SIM_213,Y,Bomen solar farm 2021 20 0.2 Perez model.csv,20,0.2,24_10_08_Match_measured_inv_2_1Uc20Uv0.2
SIM_214,Y,Bomen solar farm 2021 20 0.3 Perez model.csv,20,0.3,24_10_08_Match_measured_inv_2_1Uc20Uv0.3
SIM_215,Y,Bomen solar farm 2021 20 0.4 Perez model.csv,20,0.4,24_10_08_Match_measured_inv_2_1Uc20Uv0.4
SIM_216,Y,Bomen solar farm 2021 20 0.5 Perez model.csv,20,0.5,24_10_08_Match_measured_inv_2_1Uc20Uv0.5
SIM_217,Y,Bomen solar farm 2021 20 0.6 Perez model.csv,20,0.6,24_10_08_Match_measured_inv_2_1Uc20Uv0.6
SIM_218,Y,Bomen solar farm 2021 20 0.7 Perez model.csv,20,0.7,24_10_08_Match_measured_inv_2_1Uc20Uv0.7
SIM_219,Y,Bomen solar farm 2021 20 0.8 Perez model.csv,20,0.8,24_10_08_Match_measured_inv_2_1Uc20Uv0.8
SIM_220,Y,Bomen solar farm 2021 20 0.9 Perez model.csv,20,0.9,24_10_08_Match_measured_inv_2_1Uc20Uv0.9
SIM_221,Y,Bomen solar farm 2021 20 1.0 Perez model.csv,20,1,24_10_08_Match_measured_inv_2_1Uc20Uv1
SIM_222,Y,Bomen solar farm 2021 20 1.1 Perez model.csv,20,1.1,24_10_08_Match_measured_inv_2_1Uc20Uv1.1
SIM_223,Y,Bomen solar farm 2021 20 1.2 Perez model.csv,20,1.2,24_10_08_Match_measured_inv_2_1Uc20Uv1.2
SIM_224,Y,Bomen solar farm 2021 20 1.3 Perez model.csv,20,1.3,24_10_08_Match_measured_inv_2_1Uc20Uv1.3
SIM_225,Y,Bomen solar farm 2021 20 1.4 Perez model.csv,20,1.4,24_10_08_Match_measured_inv_2_1Uc20Uv1.4
SIM_226,Y,Bomen solar farm 2021 20 1.5 Perez model.csv,20,1.5,24_10_08_Match_measured_inv_2_1Uc20Uv1.5
SIM_227,Y,Bomen solar farm 2021 20 1.6 Perez model.csv,20,1.6,24_10_08_Match_measured_inv_2_1Uc20Uv1.6
SIM_228,Y,Bomen solar farm 2021 20 1.7 Perez model.csv,20,1.7,24_10_08_Match_measured_inv_2_1Uc20Uv1.7
SIM_229,Y,Bomen solar farm 2021 20 1.8 Perez model.csv,20,1.8,24_10_08_Match_measured_inv_2_1Uc20Uv1.8
SIM_230,Y,Bomen solar farm 2021 20 1.9 Perez model.csv,20,1.9,24_10_08_Match_measured_inv_2_1Uc20Uv1.9
SIM_231,Y,Bomen solar farm 2021 20 2.0 Perez model.csv,20,2,24_10_08_Match_measured_inv_2_1Uc20Uv2
SIM_232,Y,Bomen solar farm 2021 21 0.0 Perez model.csv,21,0,24_10_08_Match_measured_inv_2_1Uc21Uv0
SIM_233,Y,Bomen solar farm 2021 21 0.1 Perez model.csv,21,0.1,24_10_08_Match_measured_inv_2_1Uc21Uv0.1
SIM_234,Y,Bomen solar farm 2021 21 0.2 Perez model.csv,21,0.2,24_10_08_Match_measured_inv_2_1Uc21Uv0.2
SIM_235,Y,Bomen solar farm 2021 21 0.3 Perez model.csv,21,0.3,24_10_08_Match_measured_inv_2_1Uc21Uv0.3
SIM_236,Y,Bomen solar farm 2021 21 0.4 Perez model.csv,21,0.4,24_10_08_Match_measured_inv_2_1Uc21Uv0.4
SIM_237,Y,Bomen solar farm 2021 21 0.5 Perez model.csv,21,0.5,24_10_08_Match_measured_inv_2_1Uc21Uv0.5
SIM_238,Y,Bomen solar farm 2021 21 0.6 Perez model.csv,21,0.6,24_10_08_Match_measured_inv_2_1Uc21Uv0.6
SIM_239,Y,Bomen solar farm 2021 21 0.7 Perez model.csv,21,0.7,24_10_08_Match_measured_inv_2_1Uc21Uv0.7
SIM_240,Y,Bomen solar farm 2021 21 0.8 Perez model.csv,21,0.8,24_10_08_Match_measured_inv_2_1Uc21Uv0.8
SIM_241,Y,Bomen solar farm 2021 21 0.9 Perez model.csv,21,0.9,24_10_08_Match_measured_inv_2_1Uc21Uv0.9
SIM_242,Y,Bomen solar farm 2021 21 1.0 Perez model.csv,21,1,24_10_08_Match_measured_inv_2_1Uc21Uv1
SIM_243,Y,Bomen solar farm 2021 21 1.1 Perez model.csv,21,1.1,24_10_08_Match_measured_inv_2_1Uc21Uv1.1
SIM_244,Y,Bomen solar farm 2021 21 1.2 Perez model.csv,21,1.2,24_10_08_Match_measured_inv_2_1Uc21Uv1.2
SIM_245,Y,Bomen solar farm 2021 21 1.3 Perez model.csv,21,1.3,24_10_08_Match_measured_inv_2_1Uc21Uv1.3
SIM_246,Y,Bomen solar farm 2021 21 1.4 Perez model.csv,21,1.4,24_10_08_Match_measured_inv_2_1Uc21Uv1.4
SIM_247,Y,Bomen solar farm 2021 21 1.5 Perez model.csv,21,1.5,24_10_08_Match_measured_inv_2_1Uc21Uv1.5
SIM_248,Y,Bomen solar farm 2021 21 1.6 Perez model.csv,21,1.6,24_10_08_Match_measured_inv_2_1Uc21Uv1.6
SIM_249,Y,Bomen solar farm 2021 21 1.7 Perez model.csv,21,1.7,24_10_08_Match_measured_inv_2_1Uc21Uv1.7
SIM_250,Y,Bomen solar farm 2021 21 1.8 Perez model.csv,21,1.8,24_10_08_Match_measured_inv_2_1Uc21Uv1.8
SIM_251,Y,Bomen solar farm 2021 21 1.9 Perez model.csv,21,1.9,24_10_08_Match_measured_inv_2_1Uc21Uv1.9
SIM_252,Y,Bomen solar farm 2021 21 2.0 Perez model.csv,21,2,24_10_08_Match_measured_inv_2_1Uc21Uv2
SIM_253,Y,Bomen solar farm 2021 22 0.0 Perez model.csv,22,0,24_10_08_Match_measured_inv_2_1Uc22Uv0
SIM_254,Y,Bomen solar farm 2021 22 0.1 Perez model.csv,22,0.1,24_10_08_Match_measured_inv_2_1Uc22Uv0.1
SIM_255,Y,Bomen solar farm 2021 22 0.2 Perez model.csv,22,0.2,24_10_08_Match_measured_inv_2_1Uc22Uv0.2
SIM_256,Y,Bomen solar farm 2021 22 0.3 Perez model.csv,22,0.3,24_10_08_Match_measured_inv_2_1Uc22Uv0.3
SIM_257,Y,Bomen solar farm 2021 22 0.4 Perez model.csv,22,0.4,24_10_08_Match_measured_inv_2_1Uc22Uv0.4
SIM_258,Y,Bomen solar farm 2021 22 0.5 Perez model.csv,22,0.5,24_10_08_Match_measured_inv_2_1Uc22Uv0.5
SIM_259,Y,Bomen solar farm 2021 22 0.6 Perez model.csv,22,0.6,24_10_08_Match_measured_inv_2_1Uc22Uv0.6
SIM_260,Y,Bomen solar farm 2021 22 0.7 Perez model.csv,22,0.7,24_10_08_Match_measured_inv_2_1Uc22Uv0.7
SIM_261,Y,Bomen solar farm 2021 22 0.8 Perez model.csv,22,0.8,24_10_08_Match_measured_inv_2_1Uc22Uv0.8
SIM_262,Y,Bomen solar farm 2021 22 0.9 Perez model.csv,22,0.9,24_10_08_Match_measured_inv_2_1Uc22Uv0.9
SIM_263,Y,Bomen solar farm 2021 22 1.0 Perez model.csv,22,1,24_10_08_Match_measured_inv_2_1Uc22Uv1
SIM_264,Y,Bomen solar farm 2021 22 1.1 Perez model.csv,22,1.1,24_10_08_Match_measured_inv_2_1Uc22Uv1.1
SIM_265,Y,Bomen solar farm 2021 22 1.2 Perez model.csv,22,1.2,24_10_08_Match_measured_inv_2_1Uc22Uv1.2
SIM_266,Y,Bomen solar farm 2021 22 1.3 Perez model.csv,22,1.3,24_10_08_Match_measured_inv_2_1Uc22Uv1.3
SIM_267,Y,Bomen solar farm 2021 22 1.4 Perez model.csv,22,1.4,24_10_08_Match_measured_inv_2_1Uc22Uv1.4
SIM_268,Y,Bomen solar farm 2021 22 1.5 Perez model.csv,22,1.5,24_10_08_Match_measured_inv_2_1Uc22Uv1.5
SIM_269,Y,Bomen solar farm 2021 22 1.6 Perez model.csv,22,1.6,24_10_08_Match_measured_inv_2_1Uc22Uv1.6
SIM_270,Y,Bomen solar farm 2021 22 1.7 Perez model.csv,22,1.7,24_10_08_Match_measured_inv_2_1Uc22Uv1.7
SIM_271,Y,Bomen solar farm 2021 22 1.8 Perez model.csv,22,1.8,24_10_08_Match_measured_inv_2_1Uc22Uv1.8
SIM_272,Y,Bomen solar farm 2021 22 1.9 Perez model.csv,22,1.9,24_10_08_Match_measured_inv_2_1Uc22Uv1.9
SIM_273,Y,Bomen solar farm 2021 22 2.0 Perez model.csv,22,2,24_10_08_Match_measured_inv_2_1Uc22Uv2
SIM_274,Y,Bomen solar farm 2021 23 0.0 Perez model.csv,23,0,24_10_08_Match_measured_inv_2_1Uc23Uv0
SIM_275,Y,Bomen solar farm 2021 23 0.1 Perez model.csv,23,0.1,24_10_08_Match_measured_inv_2_1Uc23Uv0.1
SIM_276,Y,Bomen solar farm 2021 23 0.2 Perez model.csv,23,0.2,24_10_08_Match_measured_inv_2_1Uc23Uv0.2
SIM_277,Y,Bomen solar farm 2021 23 0.3 Perez model.csv,23,0.3,24_10_08_Match_measured_inv_2_1Uc23Uv0.3
SIM_278,Y,Bomen solar farm 2021 23 0.4 Perez model.csv,23,0.4,24_10_08_Match_measured_inv_2_1Uc23Uv0.4
SIM_279,Y,Bomen solar farm 2021 23 0.5 Perez model.csv,23,0.5,24_10_08_Match_measured_inv_2_1Uc23Uv0.5
SIM_280,Y,Bomen solar farm 2021 23 0.6 Perez model.csv,23,0.6,24_10_08_Match_measured_inv_2_1Uc23Uv0.6
SIM_281,Y,Bomen solar farm 2021 23 0.7 Perez model.csv,23,0.7,24_10_08_Match_measured_inv_2_1Uc23Uv0.7
SIM_282,Y,Bomen solar farm 2021 23 0.8 Perez model.csv,23,0.8,24_10_08_Match_measured_inv_2_1Uc23Uv0.8
SIM_283,Y,Bomen solar farm 2021 23 0.9 Perez model.csv,23,0.9,24_10_08_Match_measured_inv_2_1Uc23Uv0.9
SIM_284,Y,Bomen solar farm 2021 23 1.0 Perez model.csv,23,1,24_10_08_Match_measured_inv_2_1Uc23Uv1
SIM_285,Y,Bomen solar farm 2021 23 1.1 Perez model.csv,23,1.1,24_10_08_Match_measured_inv_2_1Uc23Uv1.1
SIM_286,Y,Bomen solar farm 2021 23 1.2 Perez model.csv,23,1.2,24_10_08_Match_measured_inv_2_1Uc23Uv1.2
SIM_287,Y,Bomen solar farm 2021 23 1.3 Perez model.csv,23,1.3,24_10_08_Match_measured_inv_2_1Uc23Uv1.3
SIM_288,Y,Bomen solar farm 2021 23 1.4 Perez model.csv,23,1.4,24_10_08_Match_measured_inv_2_1Uc23Uv1.4
SIM_289,Y,Bomen solar farm 2021 23 1.5 Perez model.csv,23,1.5,24_10_08_Match_measured_inv_2_1Uc23Uv1.5
SIM_290,Y,Bomen solar farm 2021 23 1.6 Perez model.csv,23,1.6,24_10_08_Match_measured_inv_2_1Uc23Uv1.6
SIM_291,Y,Bomen solar farm 2021 23 1.7 Perez model.csv,23,1.7,24_10_08_Match_measured_inv_2_1Uc23Uv1.7
SIM_292,Y,Bomen solar farm 2021 23 1.8 Perez model.csv,23,1.8,24_10_08_Match_measured_inv_2_1Uc23Uv1.8
SIM_293,Y,Bomen solar farm 2021 23 1.9 Perez model.csv,23,1.9,24_10_08_Match_measured_inv_2_1Uc23Uv1.9
SIM_294,Y,Bomen solar farm 2021 23 2.0 Perez model.csv,23,2,24_10_08_Match_measured_inv_2_1Uc23Uv2
SIM_295,Y,Bomen solar farm 2021 24 0.0 Perez model.csv,24,0,24_10_08_Match_measured_inv_2_1Uc24Uv0
SIM_296,Y,Bomen solar farm 2021 24 0.1 Perez model.csv,24,0.1,24_10_08_Match_measured_inv_2_1Uc24Uv0.1
SIM_297,Y,Bomen solar farm 2021 24 0.2 Perez model.csv,24,0.2,24_10_08_Match_measured_inv_2_1Uc24Uv0.2
SIM_298,Y,Bomen solar farm 2021 24 0.3 Perez model.csv,24,0.3,24_10_08_Match_measured_inv_2_1Uc24Uv0.3
SIM_299,Y,Bomen solar farm 2021 24 0.4 Perez model.csv,24,0.4,24_10_08_Match_measured_inv_2_1Uc24Uv0.4
SIM_300,Y,Bomen solar farm 2021 24 0.5 Perez model.csv,24,0.5,24_10_08_Match_measured_inv_2_1Uc24Uv0.5
SIM_301,Y,Bomen solar farm 2021 24 0.6 Perez model.csv,24,0.6,24_10_08_Match_measured_inv_2_1Uc24Uv0.6
SIM_302,Y,Bomen solar farm 2021 24 0.7 Perez model.csv,24,0.7,24_10_08_Match_measured_inv_2_1Uc24Uv0.7
SIM_303,Y,Bomen solar farm 2021 24 0.8 Perez model.csv,24,0.8,24_10_08_Match_measured_inv_2_1Uc24Uv0.8
SIM_304,Y,Bomen solar farm 2021 24 0.9 Perez model.csv,24,0.9,24_10_08_Match_measured_inv_2_1Uc24Uv0.9
SIM_305,Y,Bomen solar farm 2021 24 1.0 Perez model.csv,24,1,24_10_08_Match_measured_inv_2_1Uc24Uv1
SIM_306,Y,Bomen solar farm 2021 24 1.1 Perez model.csv,24,1.1,24_10_08_Match_measured_inv_2_1Uc24Uv1.1
SIM_307,Y,Bomen solar farm 2021 24 1.2 Perez model.csv,24,1.2,24_10_08_Match_measured_inv_2_1Uc24Uv1.2
SIM_308,Y,Bomen solar farm 2021 24 1.3 Perez model.csv,24,1.3,24_10_08_Match_measured_inv_2_1Uc24Uv1.3
SIM_309,Y,Bomen solar farm 2021 24 1.4 Perez model.csv,24,1.4,24_10_08_Match_measured_inv_2_1Uc24Uv1.4
SIM_310,Y,Bomen solar farm 2021 24 1.5 Perez model.csv,24,1.5,24_10_08_Match_measured_inv_2_1Uc24Uv1.5
SIM_311,Y,Bomen solar farm 2021 24 1.6 Perez model.csv,24,1.6,24_10_08_Match_measured_inv_2_1Uc24Uv1.6
SIM_312,Y,Bomen solar farm 2021 24 1.7 Perez model.csv,24,1.7,24_10_08_Match_measured_inv_2_1Uc24Uv1.7
SIM_313,Y,Bomen solar farm 2021 24 1.8 Perez model.csv,24,1.8,24_10_08_Match_measured_inv_2_1Uc24Uv1.8
SIM_314,Y,Bomen solar farm 2021 24 1.9 Perez model.csv,24,1.9,24_10_08_Match_measured_inv_2_1Uc24Uv1.9
SIM_315,Y,Bomen solar farm 2021 24 2.0 Perez model.csv,24,2,24_10_08_Match_measured_inv_2_1Uc24Uv2
SIM_316,Y,Bomen solar farm 2021 25 0.0 Perez model.csv,25,0,24_10_08_Match_measured_inv_2_1Uc25Uv0
SIM_317,Y,Bomen solar farm 2021 25 0.1 Perez model.csv,25,0.1,24_10_08_Match_measured_inv_2_1Uc25Uv0.1
SIM_318,Y,Bomen solar farm 2021 25 0.2 Perez model.csv,25,0.2,24_10_08_Match_measured_inv_2_1Uc25Uv0.2
SIM_319,Y,Bomen solar farm 2021 25 0.3 Perez model.csv,25,0.3,24_10_08_Match_measured_inv_2_1Uc25Uv0.3
SIM_320,Y,Bomen solar farm 2021 25 0.4 Perez model.csv,25,0.4,24_10_08_Match_measured_inv_2_1Uc25Uv0.4
SIM_321,Y,Bomen solar farm 2021 25 0.5 Perez model.csv,25,0.5,24_10_08_Match_measured_inv_2_1Uc25Uv0.5
SIM_322,Y,Bomen solar farm 2021 25 0.6 Perez model.csv,25,0.6,24_10_08_Match_measured_inv_2_1Uc25Uv0.6
SIM_323,Y,Bomen solar farm 2021 25 0.7 Perez model.csv,25,0.7,24_10_08_Match_measured_inv_2_1Uc25Uv0.7
SIM_324,Y,Bomen solar farm 2021 25 0.8 Perez model.csv,25,0.8,24_10_08_Match_measured_inv_2_1Uc25Uv0.8
SIM_325,Y,Bomen solar farm 2021 25 0.9 Perez model.csv,25,0.9,24_10_08_Match_measured_inv_2_1Uc25Uv0.9
SIM_326,Y,Bomen solar farm 2021 25 1.0 Perez model.csv,25,1,24_10_08_Match_measured_inv_2_1Uc25Uv1
SIM_327,Y,Bomen solar farm 2021 25 1.1 Perez model.csv,25,1.1,24_10_08_Match_measured_inv_2_1Uc25Uv1.1
SIM_328,Y,Bomen solar farm 2021 25 1.2 Perez model.csv,25,1.2,24_10_08_Match_measured_inv_2_1Uc25Uv1.2
SIM_329,Y,Bomen solar farm 2021 25 1.3 Perez model.csv,25,1.3,24_10_08_Match_measured_inv_2_1Uc25Uv1.3
SIM_330,Y,Bomen solar farm 2021 25 1.4 Perez model.csv,25,1.4,24_10_08_Match_measured_inv_2_1Uc25Uv1.4
SIM_331,Y,Bomen solar farm 2021 25 1.5 Perez model.csv,25,1.5,24_10_08_Match_measured_inv_2_1Uc25Uv1.5
SIM_332,Y,Bomen solar farm 2021 25 1.6 Perez model.csv,25,1.6,24_10_08_Match_measured_inv_2_1Uc25Uv1.6
SIM_333,Y,Bomen solar farm 2021 25 1.7 Perez model.csv,25,1.7,24_10_08_Match_measured_inv_2_1Uc25Uv1.7
SIM_334,Y,Bomen solar farm 2021 25 1.8 Perez model.csv,25,1.8,24_10_08_Match_measured_inv_2_1Uc25Uv1.8
SIM_335,Y,Bomen solar farm 2021 25 1.9 Perez model.csv,25,1.9,24_10_08_Match_measured_inv_2_1Uc25Uv1.9
SIM_336,Y,Bomen solar farm 2021 25 2.0 Perez model.csv,25,2,24_10_08_Match_measured_inv_2_1Uc25Uv2
SIM_337,Y,Bomen solar farm 2021 26 0.0 Perez model.csv,26,0,24_10_08_Match_measured_inv_2_1Uc26Uv0
SIM_338,Y,Bomen solar farm 2021 26 0.1 Perez model.csv,26,0.1,24_10_08_Match_measured_inv_2_1Uc26Uv0.1
SIM_339,Y,Bomen solar farm 2021 26 0.2 Perez model.csv,26,0.2,24_10_08_Match_measured_inv_2_1Uc26Uv0.2
SIM_340,Y,Bomen solar farm 2021 26 0.3 Perez model.csv,26,0.3,24_10_08_Match_measured_inv_2_1Uc26Uv0.3
SIM_341,Y,Bomen solar farm 2021 26 0.4 Perez model.csv,26,0.4,24_10_08_Match_measured_inv_2_1Uc26Uv0.4
SIM_342,Y,Bomen solar farm 2021 26 0.5 Perez model.csv,26,0.5,24_10_08_Match_measured_inv_2_1Uc26Uv0.5
SIM_343,Y,Bomen solar farm 2021 26 0.6 Perez model.csv,26,0.6,24_10_08_Match_measured_inv_2_1Uc26Uv0.6
SIM_344,Y,Bomen solar farm 2021 26 0.7 Perez model.csv,26,0.7,24_10_08_Match_measured_inv_2_1Uc26Uv0.7
SIM_345,Y,Bomen solar farm 2021 26 0.8 Perez model.csv,26,0.8,24_10_08_Match_measured_inv_2_1Uc26Uv0.8
SIM_346,Y,Bomen solar farm 2021 26 0.9 Perez model.csv,26,0.9,24_10_08_Match_measured_inv_2_1Uc26Uv0.9
SIM_347,Y,Bomen solar farm 2021 26 1.0 Perez model.csv,26,1,24_10_08_Match_measured_inv_2_1Uc26Uv1
SIM_348,Y,Bomen solar farm 2021 26 1.1 Perez model.csv,26,1.1,24_10_08_Match_measured_inv_2_1Uc26Uv1.1
SIM_349,Y,Bomen solar farm 2021 26 1.2 Perez model.csv,26,1.2,24_10_08_Match_measured_inv_2_1Uc26Uv1.2
SIM_350,Y,Bomen solar farm 2021 26 1.3 Perez model.csv,26,1.3,24_10_08_Match_measured_inv_2_1Uc26Uv1.3
SIM_351,Y,Bomen solar farm 2021 26 1.4 Perez model.csv,26,1.4,24_10_08_Match_measured_inv_2_1Uc26Uv1.4
SIM_352,Y,Bomen solar farm 2021 26 1.5 Perez model.csv,26,1.5,24_10_08_Match_measured_inv_2_1Uc26Uv1.5
SIM_353,Y,Bomen solar farm 2021 26 1.6 Perez model.csv,26,1.6,24_10_08_Match_measured_inv_2_1Uc26Uv1.6
SIM_354,Y,Bomen solar farm 2021 26 1.7 Perez model.csv,26,1.7,24_10_08_Match_measured_inv_2_1Uc26Uv1.7
SIM_355,Y,Bomen solar farm 2021 26 1.8 Perez model.csv,26,1.8,24_10_08_Match_measured_inv_2_1Uc26Uv1.8
SIM_356,Y,Bomen solar farm 2021 26 1.9 Perez model.csv,26,1.9,24_10_08_Match_measured_inv_2_1Uc26Uv1.9
SIM_357,Y,Bomen solar farm 2021 26 2.0 Perez model.csv,26,2,24_10_08_Match_measured_inv_2_1Uc26Uv2
SIM_358,Y,Bomen solar farm 2021 27 0.0 Perez model.csv,27,0,24_10_08_Match_measured_inv_2_1Uc27Uv0
SIM_359,Y,Bomen solar farm 2021 27 0.1 Perez model.csv,27,0.1,24_10_08_Match_measured_inv_2_1Uc27Uv0.1
SIM_360,Y,Bomen solar farm 2021 27 0.2 Perez model.csv,27,0.2,24_10_08_Match_measured_inv_2_1Uc27Uv0.2
SIM_361,Y,Bomen solar farm 2021 27 0.3 Perez model.csv,27,0.3,24_10_08_Match_measured_inv_2_1Uc27Uv0.3
SIM_362,Y,Bomen solar farm 2021 27 0.4 Perez model.csv,27,0.4,24_10_08_Match_measured_inv_2_1Uc27Uv0.4
SIM_363,Y,Bomen solar farm 2021 27 0.5 Perez model.csv,27,0.5,24_10_08_Match_measured_inv_2_1Uc27Uv0.5
SIM_364,Y,Bomen solar farm 2021 27 0.6 Perez model.csv,27,0.6,24_10_08_Match_measured_inv_2_1Uc27Uv0.6
SIM_365,Y,Bomen solar farm 2021 27 0.7 Perez model.csv,27,0.7,24_10_08_Match_measured_inv_2_1Uc27Uv0.7
SIM_366,Y,Bomen solar farm 2021 27 0.8 Perez model.csv,27,0.8,24_10_08_Match_measured_inv_2_1Uc27Uv0.8
SIM_367,Y,Bomen solar farm 2021 27 0.9 Perez model.csv,27,0.9,24_10_08_Match_measured_inv_2_1Uc27Uv0.9
SIM_368,Y,Bomen solar farm 2021 27 1.0 Perez model.csv,27,1,24_10_08_Match_measured_inv_2_1Uc27Uv1
SIM_369,Y,Bomen solar farm 2021 27 1.1 Perez model.csv,27,1.1,24_10_08_Match_measured_inv_2_1Uc27Uv1.1
SIM_370,Y,Bomen solar farm 2021 27 1.2 Perez model.csv,27,1.2,24_10_08_Match_measured_inv_2_1Uc27Uv1.2
SIM_371,Y,Bomen solar farm 2021 27 1.3 Perez model.csv,27,1.3,24_10_08_Match_measured_inv_2_1Uc27Uv1.3
SIM_372,Y,Bomen solar farm 2021 27 1.4 Perez model.csv,27,1.4,24_10_08_Match_measured_inv_2_1Uc27Uv1.4
SIM_373,Y,Bomen solar farm 2021 27 1.5 Perez model.csv,27,1.5,24_10_08_Match_measured_inv_2_1Uc27Uv1.5
SIM_374,Y,Bomen solar farm 2021 27 1.6 Perez model.csv,27,1.6,24_10_08_Match_measured_inv_2_1Uc27Uv1.6
SIM_375,Y,Bomen solar farm 2021 27 1.7 Perez model.csv,27,1.7,24_10_08_Match_measured_inv_2_1Uc27Uv1.7
SIM_376,Y,Bomen solar farm 2021 27 1.8 Perez model.csv,27,1.8,24_10_08_Match_measured_inv_2_1Uc27Uv1.8
SIM_377,Y,Bomen solar farm 2021 27 1.9 Perez model.csv,27,1.9,24_10_08_Match_measured_inv_2_1Uc27Uv1.9
SIM_378,Y,Bomen solar farm 2021 27 2.0 Perez model.csv,27,2,24_10_08_Match_measured_inv_2_1Uc27Uv2
SIM_379,Y,Bomen solar farm 2021 28 0.0 Perez model.csv,28,0,24_10_08_Match_measured_inv_2_1Uc28Uv0
SIM_380,Y,Bomen solar farm 2021 28 0.1 Perez model.csv,28,0.1,24_10_08_Match_measured_inv_2_1Uc28Uv0.1
SIM_381,Y,Bomen solar farm 2021 28 0.2 Perez model.csv,28,0.2,24_10_08_Match_measured_inv_2_1Uc28Uv0.2
SIM_382,Y,Bomen solar farm 2021 28 0.3 Perez model.csv,28,0.3,24_10_08_Match_measured_inv_2_1Uc28Uv0.3
SIM_383,Y,Bomen solar farm 2021 28 0.4 Perez model.csv,28,0.4,24_10_08_Match_measured_inv_2_1Uc28Uv0.4
SIM_384,Y,Bomen solar farm 2021 28 0.5 Perez model.csv,28,0.5,24_10_08_Match_measured_inv_2_1Uc28Uv0.5
SIM_385,Y,Bomen solar farm 2021 28 0.6 Perez model.csv,28,0.6,24_10_08_Match_measured_inv_2_1Uc28Uv0.6
SIM_386,Y,Bomen solar farm 2021 28 0.7 Perez model.csv,28,0.7,24_10_08_Match_measured_inv_2_1Uc28Uv0.7
SIM_387,Y,Bomen solar farm 2021 28 0.8 Perez model.csv,28,0.8,24_10_08_Match_measured_inv_2_1Uc28Uv0.8
SIM_388,Y,Bomen solar farm 2021 28 0.9 Perez model.csv,28,0.9,24_10_08_Match_measured_inv_2_1Uc28Uv0.9
SIM_389,Y,Bomen solar farm 2021 28 1.0 Perez model.csv,28,1,24_10_08_Match_measured_inv_2_1Uc28Uv1
SIM_390,Y,Bomen solar farm 2021 28 1.1 Perez model.csv,28,1.1,24_10_08_Match_measured_inv_2_1Uc28Uv1.1
SIM_391,Y,Bomen solar farm 2021 28 1.2 Perez model.csv,28,1.2,24_10_08_Match_measured_inv_2_1Uc28Uv1.2
SIM_392,Y,Bomen solar farm 2021 28 1.3 Perez model.csv,28,1.3,24_10_08_Match_measured_inv_2_1Uc28Uv1.3
SIM_393,Y,Bomen solar farm 2021 28 1.4 Perez model.csv,28,1.4,24_10_08_Match_measured_inv_2_1Uc28Uv1.4
SIM_394,Y,Bomen solar farm 2021 28 1.5 Perez model.csv,28,1.5,24_10_08_Match_measured_inv_2_1Uc28Uv1.5
SIM_395,Y,Bomen solar farm 2021 28 1.6 Perez model.csv,28,1.6,24_10_08_Match_measured_inv_2_1Uc28Uv1.6
SIM_396,Y,Bomen solar farm 2021 28 1.7 Perez model.csv,28,1.7,24_10_08_Match_measured_inv_2_1Uc28Uv1.7
SIM_397,Y,Bomen solar farm 2021 28 1.8 Perez model.csv,28,1.8,24_10_08_Match_measured_inv_2_1Uc28Uv1.8
SIM_398,Y,Bomen solar farm 2021 28 1.9 Perez model.csv,28,1.9,24_10_08_Match_measured_inv_2_1Uc28Uv1.9
SIM_399,Y,Bomen solar farm 2021 28 2.0 Perez model.csv,28,2,24_10_08_Match_measured_inv_2_1Uc28Uv2
SIM_400,Y,Bomen solar farm 2021 29 0.0 Perez model.csv,29,0,24_10_08_Match_measured_inv_2_1Uc29Uv0
SIM_401,Y,Bomen solar farm 2021 29 0.1 Perez model.csv,29,0.1,24_10_08_Match_measured_inv_2_1Uc29Uv0.1
SIM_402,Y,Bomen solar farm 2021 29 0.2 Perez model.csv,29,0.2,24_10_08_Match_measured_inv_2_1Uc29Uv0.2
SIM_403,Y,Bomen solar farm 2021 29 0.3 Perez model.csv,29,0.3,24_10_08_Match_measured_inv_2_1Uc29Uv0.3
SIM_404,Y,Bomen solar farm 2021 29 0.4 Perez model.csv,29,0.4,24_10_08_Match_measured_inv_2_1Uc29Uv0.4
SIM_405,Y,Bomen solar farm 2021 29 0.5 Perez model.csv,29,0.5,24_10_08_Match_measured_inv_2_1Uc29Uv0.5
SIM_406,Y,Bomen solar farm 2021 29 0.6 Perez model.csv,29,0.6,24_10_08_Match_measured_inv_2_1Uc29Uv0.6
SIM_407,Y,Bomen solar farm 2021 29 0.7 Perez model.csv,29,0.7,24_10_08_Match_measured_inv_2_1Uc29Uv0.7
SIM_408,Y,Bomen solar farm 2021 29 0.8 Perez model.csv,29,0.8,24_10_08_Match_measured_inv_2_1Uc29Uv0.8
SIM_409,Y,Bomen solar farm 2021 29 0.9 Perez model.csv,29,0.9,24_10_08_Match_measured_inv_2_1Uc29Uv0.9
SIM_410,Y,Bomen solar farm 2021 29 1.0 Perez model.csv,29,1,24_10_08_Match_measured_inv_2_1Uc29Uv1
SIM_411,Y,Bomen solar farm 2021 29 1.1 Perez model.csv,29,1.1,24_10_08_Match_measured_inv_2_1Uc29Uv1.1
SIM_412,Y,Bomen solar farm 2021 29 1.2 Perez model.csv,29,1.2,24_10_08_Match_measured_inv_2_1Uc29Uv1.2
SIM_413,Y,Bomen solar farm 2021 29 1.3 Perez model.csv,29,1.3,24_10_08_Match_measured_inv_2_1Uc29Uv1.3
SIM_414,Y,Bomen solar farm 2021 29 1.4 Perez model.csv,29,1.4,24_10_08_Match_measured_inv_2_1Uc29Uv1.4
SIM_415,Y,Bomen solar farm 2021 29 1.5 Perez model.csv,29,1.5,24_10_08_Match_measured_inv_2_1Uc29Uv1.5
SIM_416,Y,Bomen solar farm 2021 29 1.6 Perez model.csv,29,1.6,24_10_08_Match_measured_inv_2_1Uc29Uv1.6
SIM_417,Y,Bomen solar farm 2021 29 1.7 Perez model.csv,29,1.7,24_10_08_Match_measured_inv_2_1Uc29Uv1.7
SIM_418,Y,Bomen solar farm 2021 29 1.8 Perez model.csv,29,1.8,24_10_08_Match_measured_inv_2_1Uc29Uv1.8
SIM_419,Y,Bomen solar farm 2021 29 1.9 Perez model.csv,29,1.9,24_10_08_Match_measured_inv_2_1Uc29Uv1.9
SIM_420,Y,Bomen solar farm 2021 29 2.0 Perez model.csv,29,2,24_10_08_Match_measured_inv_2_1Uc29Uv2
SIM_421,Y,Bomen solar farm 2021 30 0.0 Perez model.csv,30,0,24_10_08_Match_measured_inv_2_1Uc30Uv0
SIM_422,Y,Bomen solar farm 2021 30 0.1 Perez model.csv,30,0.1,24_10_08_Match_measured_inv_2_1Uc30Uv0.1
SIM_423,Y,Bomen solar farm 2021 30 0.2 Perez model.csv,30,0.2,24_10_08_Match_measured_inv_2_1Uc30Uv0.2
SIM_424,Y,Bomen solar farm 2021 30 0.3 Perez model.csv,30,0.3,24_10_08_Match_measured_inv_2_1Uc30Uv0.3
SIM_425,Y,Bomen solar farm 2021 30 0.4 Perez model.csv,30,0.4,24_10_08_Match_measured_inv_2_1Uc30Uv0.4
SIM_426,Y,Bomen solar farm 2021 30 0.5 Perez model.csv,30,0.5,24_10_08_Match_measured_inv_2_1Uc30Uv0.5
SIM_427,Y,Bomen solar farm 2021 30 0.6 Perez model.csv,30,0.6,24_10_08_Match_measured_inv_2_1Uc30Uv0.6
SIM_428,Y,Bomen solar farm 2021 30 0.7 Perez model.csv,30,0.7,24_10_08_Match_measured_inv_2_1Uc30Uv0.7
SIM_429,Y,Bomen solar farm 2021 30 0.8 Perez model.csv,30,0.8,24_10_08_Match_measured_inv_2_1Uc30Uv0.8
SIM_430,Y,Bomen solar farm 2021 30 0.9 Perez model.csv,30,0.9,24_10_08_Match_measured_inv_2_1Uc30Uv0.9
SIM_431,Y,Bomen solar farm 2021 30 1.0 Perez model.csv,30,1,24_10_08_Match_measured_inv_2_1Uc30Uv1
SIM_432,Y,Bomen solar farm 2021 30 1.1 Perez model.csv,30,1.1,24_10_08_Match_measured_inv_2_1Uc30Uv1.1
SIM_433,Y,Bomen solar farm 2021 30 1.2 Perez model.csv,30,1.2,24_10_08_Match_measured_inv_2_1Uc30Uv1.2
SIM_434,Y,Bomen solar farm 2021 30 1.3 Perez model.csv,30,1.3,24_10_08_Match_measured_inv_2_1Uc30Uv1.3
SIM_435,Y,Bomen solar farm 2021 30 1.4 Perez model.csv,30,1.4,24_10_08_Match_measured_inv_2_1Uc30Uv1.4
SIM_436,Y,Bomen solar farm 2021 30 1.5 Perez model.csv,30,1.5,24_10_08_Match_measured_inv_2_1Uc30Uv1.5
SIM_437,Y,Bomen solar farm 2021 30 1.6 Perez model.csv,30,1.6,24_10_08_Match_measured_inv_2_1Uc30Uv1.6
SIM_438,Y,Bomen solar farm 2021 30 1.7 Perez model.csv,30,1.7,24_10_08_Match_measured_inv_2_1Uc30Uv1.7
SIM_439,Y,Bomen solar farm 2021 30 1.8 Perez model.csv,30,1.8,24_10_08_Match_measured_inv_2_1Uc30Uv1.8
SIM_440,Y,Bomen solar farm 2021 30 1.9 Perez model.csv,30,1.9,24_10_08_Match_measured_inv_2_1Uc30Uv1.9
SIM_441,Y,Bomen solar farm 2021 30 2.0 Perez model.csv,30,2,24_10_08_Match_measured_inv_2_1Uc30Uv2
